{
    "startPoints": [
        [
            -1.576498,
            2.12525,
            0
        ],
        [
            -2.621621,
            0.978145,
            0
        ],
        [
            1.085907,
            -2.361453,
            0
        ],
        [
            2.62162,
            -0.978148,
            0
        ]
    ],
    "goalPoints": [
        [
            1,
            1,
            0
        ],
        [
            1,
            -1,
            0
        ],
        [
            -1,
            -1,
            0
        ],
        [
            -1,
            1,
            0
        ]
    ],
    "timeStep": -1,
    "neighborDist": -1,
    "maxNeighbors": -1,
    "timeHorizon": -1,
    "radius": 6,
    "maxSpeed": -1,
    "velocity_x": 0,
    "velocity_y": 0,
    "velocity_z": 0
}