{
    "startPoints": [
        [
            1,
            1,
            0
        ],
        [
            1,
            -1,
            0
        ],
        [
            -1,
            -1,
            0
        ],
        [
            -1,
            1,
            0
        ]
    ],
    "goalPoints": [
        [
            2.359398,
            1.420045,
            0
        ],
        [
            1.576495,
            -2.125252,
            0
        ],
        [
            -2.621621,
            -0.978145,
            0
        ],
        [
            -2.621621,
            0.978145,
            0
        ]
    ],
    "timeStep": -1,
    "neighborDist": -1,
    "maxNeighbors": -1,
    "timeHorizon": -1,
    "radius": 6,
    "maxSpeed": -1,
    "velocity_x": 0,
    "velocity_y": 0,
    "velocity_z": 0
}